Workbook

Sheet Summary
A1: Customer Retention & Engagement Analytics
A4: Project purpose
A5: Analyse an e-commerce customer dataset to identify behavioural, engagement and value patterns associated with churn, and support practical customer-retention decisions.
A8: Project flow
A9: Raw data → Excel QA → Python profiling & cleaning → Missing-value treatment → Feature engineering → Churn analysis → Insights
A11: Core project metrics | D11: Tools used
A12: Metric | B12: Value | D12: Excel | E12: Initial QA / reconciliation
A13: Raw records | B13: 50000 | D13: Python | E13: Cleaning, feature engineering, EDA
A14: Raw columns | B14: 25 | D14: Pandas / NumPy | E14: Data manipulation
A15: Final records | B15: 50000 | D15: Matplotlib | E15: Visualisation
A16: Final columns | B16: 33 | D16: scikit-learn | E16: StandardScaler for engagement score
A17: Churned customers | B17: 14450
A18: Retained customers | B18: =B15-B17 -> 35550 | D18: Business questions
A19: Overall churn rate | B19: =B17/B15 -> 0.289 | D19: 1 | E19: Who is churning?
A20: Final missing values | B20: 0 | D20: 2 | E20: How do engagement and inactivity relate to churn?
A21: Final duplicate rows | B21: 0 | D21: 3 | E21: How does customer value relate to churn?
D22: 4 | E22: Which valuable, low-engagement customers need attention?

Sheet QA_Cleaning
A1: Data Quality, Cleaning & Missing-Value Treatment
A4: Baseline vs final validation | F4: Invalid values identified
A5: Metric | B5: Raw / Before | C5: Final / After | D5: Status | F5: Issue | G5: Count / Result
A6: Rows | B6: 50000 | C6: 50000 | D6: OK | F6: Age <18 or >100 | G6: 50
A7: Columns | B7: 25 | C7: 33 | D7: Expected: +8 engineered/indicator columns | F7: Cart abandonment >100 | G7: 30
A8: Duplicates | B8: 0 | C8: 0 | D8: OK | F8: Discount usage >100 | G8: 207
A9: Churned | B9: 14450 | C9: 14450 | D9: OK | F9: Negative total purchases | G9: 40
A10: Retained | B10: 35550 | C10: 35550 | D10: OK | F10: AOV IQR outliers retained | G10: 1005
A11: Churn rate | B11: 0.289 | C11: 0.289 | D11: OK
A12: Missing cells | B12: 49081 | C12: 0 | D12: Resolved
A14: Updated missing-value profile and treatment
A15: Variable | B15: Initial Missing | C15: After Validation | D15: Missing % | E15: Median Used | F15: Treatment | G15: Missing Indicator
A16: Social_Media_Engagement_Score | B16: 6000 | C16: 6000 | D16: =C16/Summary!$B$15 -> 0.12 | E16: 27.6 | F16: Median imputation | G16: Yes
A17: Credit_Balance | B17: 5500 | C17: 5500 | D17: =C17/Summary!$B$15 -> 0.11 | E17: 1896 | F17: Median imputation | G17: Yes
A18: Mobile_App_Usage | B18: 5000 | C18: 5000 | D18: =C18/Summary!$B$15 -> 0.1 | E18: 18.6 | F18: Median imputation | G18: Yes
A19: Returns_Rate | B19: 4491 | C19: 4491 | D19: =C19/Summary!$B$15 -> 0.08982 | E19: 5.4 | F19: Median imputation | G19: No
A20: Wishlist_Items | B20: 4000 | C20: 4000 | D20: =C20/Summary!$B$15 -> 0.08 | E20: 4 | F20: Median imputation | G20: No
A21: Discount_Usage_Rate | B21: 3500 | C21: 3707 | D21: =C21/Summary!$B$15 -> 0.07414 | E21: 40.1 | F21: Invalid >100 → NaN, then median | G21: No
A22: Product_Reviews_Written | B22: 3500 | C22: 3500 | D22: =C22/Summary!$B$15 -> 0.07 | E22: 2 | F22: Median imputation | G22: No
A23: Session_Duration_Avg | B23: 3399 | C23: 3399 | D23: =C23/Summary!$B$15 -> 0.06798 | E23: 26.8 | F23: Median imputation | G23: No
A24: Pages_Per_Session | B24: 3000 | C24: 3000 | D24: =C24/Summary!$B$15 -> 0.06 | E24: 8.4 | F24: Median imputation | G24: No
A25: Days_Since_Last_Purchase | B25: 3000 | C25: 3000 | D25: =C25/Summary!$B$15 -> 0.06 | E25: 21 | F25: Median imputation | G25: No
A26: Age | B26: 2495 | C26: 2545 | D26: =C26/Summary!$B$15 -> 0.0509 | E26: 38 | F26: Invalid age → NaN, then median | G26: No
A27: Email_Open_Rate | B27: 2528 | C27: 2528 | D27: =C27/Summary!$B$15 -> 0.05056 | E27: 19.7 | F27: Median imputation | G27: No
... A31: Cart_Abandonment_Rate | B31: 0 | C31: 30 | D31: =C31/Summary!$B$15 -> 0.0006 | E31: 58.1 | F31: Invalid >100 → NaN, then median | G31: No

Sheet Segmentation
A1: Feature Engineering & Customer Segmentation
A4: Age Group
A5: Segment | B5: Rule | C5: Customers
A6: 18-24 | B6: Age 18–24 | C6: 6637
A7: 25-34 | B7: Age 25–34 | C7: 12382
A8: 35-44 | B8: Age 35–44 | C8: 17690
A9: 45-54 | B9: Age 45–54 | C9: 9548
A10: 55-64 | B10: Age 55–64 | C10: 3187
A11: 65+ | B11: Age 65–100 | C11: 556
A13: Customer Value Segment
A14: Segment | B14: Definition | C14: Customers
A15: Low Value | B15: Bottom Lifetime Value quartile | C15: 12500
A16: Medium Value | B16: 2nd Lifetime Value quartile | C16: 12500
A17: High Value | B17: 3rd Lifetime Value quartile | C17: 12500
A18: VIP | B18: Top Lifetime Value quartile | C18: 12500
A20: Recency Segment
A21: Segment | B21: Customers | C21: Min days | D21: Median days | E21: Max days
A22: Very Recent | B22: 12594 | C22: 0 | D22: 4 | E22: 9
A23: Recent | B23: 14571 | C23: 10 | D23: 16 | E23: 21
A24: Inactive | B24: 10409 | C24: 22 | D24: 29 | E24: 39
A25: Highly Inactive | B25: 12426 | C25: 40 | D25: 60 | E25: 287
A27: Engagement Segment
A28: Segment | B28: Definition | C28: Customers
A29: Very Low | B29: Bottom Engagement Score quartile | C29: 12500
A30: Low | B30: 2nd Engagement Score quartile | C30: 12500
A31: High | B31: 3rd Engagement Score quartile | C31: 12500
A32: Very High | B32: Top Engagement Score quartile | C32: 12500

Sheet Churn_Analysis
A1: Churn Analysis Summary
A4: Overall KPI | B4: Value
A5: Overall churn rate | B5: =Summary!B19 -> 0.289
A6: Churned customers | B6: 14450
A8: Churn by Customer Value
A9: Segment | B9: Customers | C9: Churned | D9: Churn Rate
A10: Low Value | B10: 12500 | C10: 5162 | D10: =C10/B10 -> 0.41296
A11: Medium Value | B11: 12500 | C11: 2532 | D11: =C11/B11 -> 0.20256
A12: High Value | B12: 12500 | C12: 1800 | D12: =C12/B12 -> 0.144
A13: VIP | B13: 12500 | C13: 4956 | D13: =C13/B13 -> 0.39648
A16: Churn by Purchase Recency
A17: Segment | B17: Customers | C17: Churned | D17: Churn Rate
A18: Very Recent | B18: 12594 | C18: 2824 | D18: =C18/B18 -> 0.22423376
A19: Recent | B19: 14571 | C19: 3893 | D19: =C19/B19 -> 0.26717452
A20: Inactive | B20: 10409 | C20: 3012 | D20: =C20/B20 -> 0.28936497
A21: Highly Inactive | B21: 12426 | C21: 4721 | D21: =C21/B21 -> 0.37992918
A24: Churn by Engagement
A25: Segment | B25: Customers | C25: Churned | D25: Churn Rate
A26: Very Low | B26: 12500 | C26: 6606 | D26: =C26/B26 -> 0.52848
A27: Low | B27: 12500 | C27: 2901 | D27: =C27/B27 -> 0.23208
A28: High | B28: 12500 | C28: 2577 | D28: =C28/B28 -> 0.20616
A29: Very High | B29: 12500 | C29: 2366 | D29: =C29/B29 -> 0.18928
A32: Retention Priority Group
A33: Group | B33: Customers | C33: Churned | D33: Churn Rate
A34: High Value / VIP + Low / Very Low Engagement | B34: 6701 | C34: 2442 | D34: =C34/B34 -> 0.36442322

Sheet Insights
A1: Key Findings, Recommendations & Limitations
A4: Key Findings
A5: Finding | B5: Evidence | C5: Interpretation
A6: Overall churn | B6: 14,450 / 50,000 = 28.9% | C6: Churn affects more than one-quarter of the customer base.
A7: Very low engagement | B7: 52.8% churn vs 28.9% overall | C7: Lower engagement is strongly associated with higher churn.
A8: Purchase inactivity | B8: 22.4% Very Recent → 38.0% Highly Inactive | C8: Churn rises as time since last purchase increases.
A9: Customer value | B9: High Value 14.4% vs VIP 39.6% | C9: Customer value alone does not imply stronger retention.
A10: Priority group | B10: 6,701 customers; 36.4% churn | C10: High-value customers with low engagement warrant retention attention.
A12: Business Recommendations
A13: 1 | B13: Prioritise Very Low Engagement customers for re-engagement activity.
A14: 2 | B14: Use increasing days since last purchase as an early warning signal.
A15: 3 | B15: Investigate why VIP customers show elevated churn despite high lifetime value.
A16: 4 | B16: Combine customer value with engagement and recency when prioritising retention.
A18: Limitations
A19: • The analysis identifies associations with churn, not causal relationships.
A20: • Median imputation may reduce some natural variation in variables with missing values.
A21: • The Engagement Score is a project-specific composite metric, not an externally validated KPI.
A22: • Segments were analytically created rather than supplied as official business definitions.
A23: • The dataset does not include a complete transaction-level timeline.
